team_id,region,explorations
10,Crossword,689
10,Trivia,396
10,Mystery,416
10,Aromatic Stock,260
10,slitherlink-level-1,259
10,Worthwhile Suit,759
10,slitherlink-level-5,123
10,The Tortured Programmers Department,175
10,slitherlink-level-4,39
10,slitherlink-level-6,115
10,slitherlink-level-9,7
10,slitherlink-level-8,53
10,slitherlink-level-3,8
10,slitherlink-level-10,87
10,slitherlink-level-11,6
10,devilry-cryptic-level,99
10,bumblebee-level-0,19
10,bumblebee-level-1,27
10,slitherlink-level-7,121
10,hybrid-cryptic-level,74
10,norinori-level,78
10,takoyaki-level,78
10,bumblebee-level-2,45
10,slitherlink-level-12,47
10,Doubles Games,1114
10,bumblebee-level-3,18
10,roma-level,48
10,bumblebee-level-6,5
10,slitherlink-level-2,119
10,bumblebee-level-4,138
10,bumblebee-level-5,30
10,choco-banana-level,235
10,bumblebee-level-8,20
10,ham-sandwich-level,71
10,bumblebee-level-9,23
10,fire-level,9
10,fly-level,20
10,lollipops-level,11
10,milk-tea-level,50
10,coffee-milk-level,40
10,wordplay-cryptic-level,72
10,firefly-level,433
10,tomato-soup-level,7
100,Crossword,809
100,Mystery,531
100,Aromatic Stock,382
100,Trivia,596
100,Worthwhile Suit,554
100,The Tortured Programmers Department,290
100,Doubles Games,1644
100,slitherlink-level-1,132
100,slitherlink-level-5,31
100,slitherlink-level-7,80
100,slitherlink-level-6,72
100,wordplay-cryptic-level,78
100,slitherlink-level-10,91
100,devilry-cryptic-level,75
100,slitherlink-level-9,6
100,slitherlink-level-3,17
100,slitherlink-level-8,62
100,slitherlink-level-11,6
100,slitherlink-level-4,16
100,slitherlink-level-12,47
100,choco-banana-level,154
100,slitherlink-level-2,51
100,bumblebee-level-0,26
100,bumblebee-level-1,98
100,takoyaki-level,209
100,lollipops-level,87
100,norinori-level,29
100,coffee-milk-level,41
100,ham-sandwich-level,66
100,bumblebee-level-3,26
100,hybrid-cryptic-level,65
100,roma-level,37
100,milk-tea-level,35
100,fire-level,11
100,fly-level,15
100,firefly-level,631
100,bumblebee-level-2,154
100,bumblebee-level-4,37
100,bumblebee-level-7,28
100,bumblebee-level-8,14
100,bumblebee-level-6,5
100,bumblebee-level-5,18
100,bumblebee-level-9,9
100,tomato-soup-level,13
12,Crossword,782
12,Mystery,388
12,Aromatic Stock,467
12,Trivia,421
12,slitherlink-level-5,73
12,The Tortured Programmers Department,339
12,Worthwhile Suit,225
12,slitherlink-level-1,111
12,slitherlink-level-7,79
12,Doubles Games,370
12,slitherlink-level-4,20
12,slitherlink-level-3,8
12,wordplay-cryptic-level,80
12,slitherlink-level-9,6
12,slitherlink-level-8,46
12,choco-banana-level,52
12,takoyaki-level,62
12,slitherlink-level-10,88
12,ham-sandwich-level,63
12,slitherlink-level-11,6
12,slitherlink-level-12,49
12,coffee-milk-level,39
12,slitherlink-level-2,58
12,hybrid-cryptic-level,79
12,milk-tea-level,46
12,lollipops-level,16
12,norinori-level,29
12,roma-level,37
12,bumblebee-level-3,61
12,bumblebee-level-2,70
12,slitherlink-level-6,75
12,devilry-cryptic-level,86
12,bumblebee-level-0,60
12,bumblebee-level-1,20
12,fire-level,19
12,fly-level,14
12,firefly-level,2
135,Crossword,958
135,Mystery,460
135,Aromatic Stock,507
135,Trivia,552
135,slitherlink-level-1,91
135,slitherlink-level-5,35
135,slitherlink-level-3,20
135,slitherlink-level-9,15
135,slitherlink-level-4,20
135,The Tortured Programmers Department,250
135,Worthwhile Suit,307
135,slitherlink-level-6,92
135,slitherlink-level-8,54
135,choco-banana-level,43
135,lollipops-level,10
135,ham-sandwich-level,65
135,takoyaki-level,92
135,norinori-level,42
135,slitherlink-level-7,77
135,slitherlink-level-10,88
135,slitherlink-level-2,50
135,slitherlink-level-11,6
135,slitherlink-level-12,46
135,devilry-cryptic-level,206
135,Doubles Games,609
135,hybrid-cryptic-level,86
135,wordplay-cryptic-level,34
135,coffee-milk-level,110
135,milk-tea-level,45
135,roma-level,62
135,fly-level,27
135,fire-level,11
135,bumblebee-level-0,64
14,Crossword,811
14,Trivia,522
14,Mystery,505
14,Aromatic Stock,340
14,Worthwhile Suit,532
14,The Tortured Programmers Department,243
14,slitherlink-level-1,113
14,slitherlink-level-5,78
14,slitherlink-level-6,99
14,slitherlink-level-7,98
14,slitherlink-level-10,84
14,slitherlink-level-11,6
14,slitherlink-level-9,6
14,hybrid-cryptic-level,77
14,slitherlink-level-12,52
14,Doubles Games,926
14,slitherlink-level-8,48
14,slitherlink-level-3,9
14,slitherlink-level-4,16
14,choco-banana-level,35
14,takoyaki-level,59
14,lollipops-level,26
14,norinori-level,33
14,milk-tea-level,35
14,coffee-milk-level,39
14,roma-level,39
14,ham-sandwich-level,63
14,slitherlink-level-2,47
14,bumblebee-level-1,11
14,bumblebee-level-3,16
14,bumblebee-level-2,22
14,bumblebee-level-0,103
14,bumblebee-level-6,9
14,wordplay-cryptic-level,74
14,bumblebee-level-5,29
14,bumblebee-level-4,50
14,bumblebee-level-8,23
14,bumblebee-level-9,23
14,bumblebee-level-7,63
14,fire-level,16
14,fly-level,24
14,firefly-level,639
14,devilry-cryptic-level,65
18,Crossword,753
18,Trivia,527
18,Mystery,650
18,Aromatic Stock,522
18,Worthwhile Suit,487
18,The Tortured Programmers Department,366
18,slitherlink-level-1,105
18,slitherlink-level-5,67
18,slitherlink-level-6,102
18,slitherlink-level-7,130
18,Doubles Games,58
18,slitherlink-level-9,17
18,slitherlink-level-3,8
18,slitherlink-level-4,18
18,slitherlink-level-8,47
18,slitherlink-level-10,92
18,takoyaki-level,80
18,choco-banana-level,51
18,slitherlink-level-11,7
18,slitherlink-level-12,46
18,ham-sandwich-level,64
18,wordplay-cryptic-level,149
18,norinori-level,64
18,lollipops-level,44
18,coffee-milk-level,46
18,slitherlink-level-2,46
18,milk-tea-level,35
18,roma-level,51
18,devilry-cryptic-level,88
18,bumblebee-level-2,94
18,bumblebee-level-1,74
18,bumblebee-level-3,30
18,hybrid-cryptic-level,66
18,bumblebee-level-0,26
18,bumblebee-level-6,8
18,bumblebee-level-5,29
18,bumblebee-level-7,82
18,bumblebee-level-9,1
19,Crossword,466
19,Mystery,102
22,Crossword,845
22,Mystery,575
22,Trivia,430
22,Aromatic Stock,453
22,The Tortured Programmers Department,94
22,Worthwhile Suit,714
22,Doubles Games,2728
22,ham-sandwich-level,71
22,slitherlink-level-1,89
22,takoyaki-level,64
22,slitherlink-level-5,25
22,slitherlink-level-9,6
22,bumblebee-level-0,107
22,slitherlink-level-3,8
22,choco-banana-level,35
22,slitherlink-level-4,26
22,slitherlink-level-2,46
22,coffee-milk-level,43
22,slitherlink-level-7,101
22,slitherlink-level-8,46
22,milk-tea-level,45
22,slitherlink-level-10,89
22,lollipops-level,23
22,norinori-level,43
22,slitherlink-level-11,8
22,devilry-cryptic-level,77
22,hybrid-cryptic-level,73
22,slitherlink-level-12,46
22,slitherlink-level-6,76
22,roma-level,7
22,bumblebee-level-1,266
22,bumblebee-level-3,10
22,wordplay-cryptic-level,125
22,bumblebee-level-2,35
22,bumblebee-level-5,20
22,bumblebee-level-6,10
22,bumblebee-level-4,85
22,bumblebee-level-7,115
22,bumblebee-level-8,30
22,bumblebee-level-9,26
22,fire-level,23
22,fly-level,14
22,firefly-level,673
22,tomato-soup-level,9
23,Crossword,922
23,Trivia,691
23,Aromatic Stock,484
23,Mystery,361
23,Worthwhile Suit,146
23,slitherlink-level-5,56
23,slitherlink-level-1,97
23,slitherlink-level-6,75
23,slitherlink-level-7,79
23,slitherlink-level-3,8
23,slitherlink-level-9,6
23,slitherlink-level-10,86
23,slitherlink-level-11,6
23,slitherlink-level-8,46
23,choco-banana-level,100
23,slitherlink-level-4,17
23,slitherlink-level-12,46
23,slitherlink-level-2,43
23,The Tortured Programmers Department,307
23,hybrid-cryptic-level,22
23,bumblebee-level-3,2
23,bumblebee-level-0,2
23,takoyaki-level,13
23,wordplay-cryptic-level,7
23,devilry-cryptic-level,9
23,ham-sandwich-level,3
26,Crossword,663
26,Mystery,548
26,Aromatic Stock,346
26,Trivia,445
26,slitherlink-level-1,107
26,slitherlink-level-5,35
26,slitherlink-level-7,103
26,slitherlink-level-6,78
26,Worthwhile Suit,184
26,The Tortured Programmers Department,142
26,slitherlink-level-3,11
26,slitherlink-level-9,6
26,slitherlink-level-4,21
26,slitherlink-level-8,73
26,slitherlink-level-10,132
26,bumblebee-level-0,83
26,choco-banana-level,159
26,coffee-milk-level,96
26,slitherlink-level-11,6
26,milk-tea-level,37
26,slitherlink-level-2,66
26,norinori-level,29
26,bumblebee-level-1,28
26,roma-level,42
26,bumblebee-level-2,22
26,ham-sandwich-level,66
26,slitherlink-level-12,171
26,lollipops-level,39
26,hybrid-cryptic-level,69
26,bumblebee-level-3,19
26,takoyaki-level,80
26,bumblebee-level-6,5
26,bumblebee-level-5,21
26,Doubles Games,255
26,bumblebee-level-4,70
26,devilry-cryptic-level,104
26,bumblebee-level-9,49
26,wordplay-cryptic-level,77
26,bumblebee-level-7,68
26,bumblebee-level-8,16
265,Crossword,645
265,Trivia,634
265,Mystery,493
265,Aromatic Stock,420
265,Worthwhile Suit,747
265,slitherlink-level-1,118
265,slitherlink-level-5,53
265,Doubles Games,774
265,slitherlink-level-7,82
265,slitherlink-level-6,90
265,The Tortured Programmers Department,563
265,takoyaki-level,205
265,slitherlink-level-4,16
265,slitherlink-level-3,13
265,slitherlink-level-9,6
265,fire-level,14
265,fly-level,14
265,firefly-level,342
265,slitherlink-level-8,47
265,wordplay-cryptic-level,49
265,bumblebee-level-0,15
265,slitherlink-level-10,90
265,slitherlink-level-11,6
265,slitherlink-level-12,48
265,choco-banana-level,57
265,ham-sandwich-level,76
265,norinori-level,116
265,coffee-milk-level,57
265,bumblebee-level-1,12
265,slitherlink-level-2,48
265,bumblebee-level-3,26
265,bumblebee-level-2,18
265,lollipops-level,52
265,bumblebee-level-6,11
265,milk-tea-level,41
265,devilry-cryptic-level,14
265,roma-level,37
265,bumblebee-level-8,20
265,bumblebee-level-4,6
265,hybrid-cryptic-level,13
265,bumblebee-level-5,34
265,bumblebee-level-9,4
265,tomato-soup-level,9
265,bumblebee-level-7,53
28,Crossword,838
28,Trivia,457
28,Mystery,580
28,Aromatic Stock,700
28,Worthwhile Suit,651
28,The Tortured Programmers Department,15
28,slitherlink-level-1,136
28,slitherlink-level-5,92
28,slitherlink-level-4,35
28,slitherlink-level-3,19
28,slitherlink-level-9,6
28,Doubles Games,102
28,slitherlink-level-8,47
28,slitherlink-level-6,76
28,slitherlink-level-10,112
28,slitherlink-level-7,9
28,slitherlink-level-11,7
28,slitherlink-level-12,47
28,hybrid-cryptic-level,5
28,slitherlink-level-2,39
28,bumblebee-level-1,21
28,bumblebee-level-3,5
298,Crossword,718
298,Trivia,595
298,Aromatic Stock,433
298,Mystery,374
298,Worthwhile Suit,637
298,slitherlink-level-1,99
298,The Tortured Programmers Department,131
298,slitherlink-level-5,32
298,slitherlink-level-7,80
298,wordplay-cryptic-level,135
298,slitherlink-level-6,79
298,takoyaki-level,66
298,devilry-cryptic-level,107
298,slitherlink-level-9,6
298,slitherlink-level-8,46
298,choco-banana-level,37
298,norinori-level,33
298,lollipops-level,26
298,coffee-milk-level,47
298,slitherlink-level-3,9
298,milk-tea-level,41
298,roma-level,64
298,slitherlink-level-4,16
298,slitherlink-level-2,45
298,bumblebee-level-1,30
298,ham-sandwich-level,74
298,slitherlink-level-10,87
298,bumblebee-level-0,2
298,slitherlink-level-11,6
298,slitherlink-level-12,49
298,hybrid-cryptic-level,75
298,Doubles Games,183
298,fire-level,11
298,fly-level,22
298,firefly-level,334
298,tomato-soup-level,7
33,Crossword,941
33,Mystery,1125
33,Trivia,522
33,Aromatic Stock,382
33,The Tortured Programmers Department,217
33,Worthwhile Suit,765
33,Doubles Games,1066
33,slitherlink-level-1,95
33,slitherlink-level-9,15
33,slitherlink-level-6,76
33,slitherlink-level-5,38
33,slitherlink-level-4,20
33,takoyaki-level,70
33,slitherlink-level-8,49
33,slitherlink-level-3,8
33,slitherlink-level-2,44
33,choco-banana-level,209
33,slitherlink-level-10,87
33,slitherlink-level-7,80
33,slitherlink-level-11,6
33,slitherlink-level-12,54
33,norinori-level,149
33,hybrid-cryptic-level,99
33,lollipops-level,55
33,coffee-milk-level,42
33,milk-tea-level,39
33,roma-level,45
33,bumblebee-level-1,37
33,ham-sandwich-level,135
33,wordplay-cryptic-level,79
33,bumblebee-level-3,45
33,bumblebee-level-0,130
33,bumblebee-level-4,125
33,bumblebee-level-2,74
33,bumblebee-level-6,14
33,devilry-cryptic-level,44
33,bumblebee-level-5,35
33,bumblebee-level-8,37
33,bumblebee-level-7,65
33,bumblebee-level-9,4
33,fire-level,11
33,fly-level,16
33,firefly-level,384
33,tomato-soup-level,10
364,Crossword,875
364,Mystery,821
364,Aromatic Stock,939
364,Trivia,434
364,Worthwhile Suit,653
364,The Tortured Programmers Department,424
364,slitherlink-level-1,606
364,slitherlink-level-5,325
364,Doubles Games,922
364,slitherlink-level-6,77
364,slitherlink-level-7,78
364,wordplay-cryptic-level,1
364,devilry-cryptic-level,6
364,slitherlink-level-10,85
364,slitherlink-level-9,7
364,slitherlink-level-11,8
364,hybrid-cryptic-level,14
364,slitherlink-level-3,13
364,slitherlink-level-12,49
364,slitherlink-level-4,28
364,slitherlink-level-8,46
364,choco-banana-level,118
364,takoyaki-level,68
364,slitherlink-level-2,51
364,norinori-level,44
364,roma-level,38
364,milk-tea-level,44
364,lollipops-level,34
364,coffee-milk-level,51
364,ham-sandwich-level,63
37,Crossword,684
37,Trivia,360
37,Aromatic Stock,306
37,Mystery,531
37,Worthwhile Suit,1073
37,The Tortured Programmers Department,197
37,slitherlink-level-1,122
37,slitherlink-level-5,26
37,slitherlink-level-6,74
37,slitherlink-level-7,80
37,slitherlink-level-10,87
37,slitherlink-level-4,17
37,slitherlink-level-9,7
37,slitherlink-level-8,47
37,slitherlink-level-3,10
37,slitherlink-level-11,6
37,slitherlink-level-12,51
37,hybrid-cryptic-level,75
37,slitherlink-level-2,48
37,takoyaki-level,59
37,choco-banana-level,35
37,devilry-cryptic-level,79
37,lollipops-level,10
37,ham-sandwich-level,120
37,coffee-milk-level,39
37,norinori-level,28
37,milk-tea-level,35
37,roma-level,42
37,wordplay-cryptic-level,79
37,Doubles Games,1074
37,bumblebee-level-3,80
37,bumblebee-level-1,21
37,bumblebee-level-2,11
37,bumblebee-level-6,7
37,bumblebee-level-0,40
37,bumblebee-level-5,36
37,bumblebee-level-8,27
37,bumblebee-level-7,93
37,bumblebee-level-4,5
37,fly-level,27
37,fire-level,9
37,firefly-level,637
37,bumblebee-level-9,2
37,tomato-soup-level,7
38,Crossword,625
38,Mystery,410
38,Trivia,324
38,Aromatic Stock,312
38,Worthwhile Suit,346
38,The Tortured Programmers Department,407
38,slitherlink-level-1,122
38,slitherlink-level-5,26
38,slitherlink-level-7,83
38,slitherlink-level-6,75
38,slitherlink-level-10,91
38,slitherlink-level-11,6
38,slitherlink-level-9,6
38,slitherlink-level-12,46
38,slitherlink-level-4,16
38,slitherlink-level-8,51
38,slitherlink-level-3,11
38,slitherlink-level-2,57
38,choco-banana-level,204
38,bumblebee-level-1,79
38,takoyaki-level,62
38,ham-sandwich-level,93
38,hybrid-cryptic-level,73
38,norinori-level,32
38,lollipops-level,10
38,coffee-milk-level,39
38,milk-tea-level,35
38,roma-level,37
38,bumblebee-level-0,31
38,Doubles Games,730
38,bumblebee-level-2,22
38,bumblebee-level-3,10
38,bumblebee-level-6,10
38,bumblebee-level-8,44
38,wordplay-cryptic-level,126
38,bumblebee-level-5,24
38,bumblebee-level-7,33
38,bumblebee-level-9,32
38,devilry-cryptic-level,97
38,bumblebee-level-4,62
38,fire-level,22
38,fly-level,21
38,firefly-level,271
38,tomato-soup-level,7
40,Crossword,184
43,Crossword,897
43,Mystery,549
43,Aromatic Stock,363
43,Trivia,518
43,slitherlink-level-1,91
43,slitherlink-level-5,28
43,slitherlink-level-3,15
43,slitherlink-level-9,10
43,slitherlink-level-4,27
43,slitherlink-level-10,92
43,slitherlink-level-7,78
43,Worthwhile Suit,299
43,slitherlink-level-11,6
43,bumblebee-level-0,16
43,slitherlink-level-12,49
43,slitherlink-level-6,73
43,slitherlink-level-8,46
43,choco-banana-level,56
43,slitherlink-level-2,45
43,lollipops-level,10
43,norinori-level,28
43,milk-tea-level,35
43,coffee-milk-level,39
43,roma-level,40
43,takoyaki-level,68
43,ham-sandwich-level,88
43,hybrid-cryptic-level,85
43,The Tortured Programmers Department,194
43,devilry-cryptic-level,119
43,wordplay-cryptic-level,94
43,Doubles Games,955
43,bumblebee-level-1,54
43,bumblebee-level-3,18
43,fly-level,15
43,fire-level,9
43,firefly-level,343
43,bumblebee-level-4,56
43,tomato-soup-level,9
43,bumblebee-level-2,11
43,bumblebee-level-6,5
43,bumblebee-level-5,17
43,bumblebee-level-7,55
43,bumblebee-level-8,26
43,bumblebee-level-9,18
463,Crossword,95
498,Crossword,764
498,Trivia,667
498,Mystery,334
498,Aromatic Stock,561
498,Worthwhile Suit,453
498,The Tortured Programmers Department,232
498,slitherlink-level-1,97
498,slitherlink-level-5,32
498,slitherlink-level-6,83
498,slitherlink-level-7,82
498,slitherlink-level-9,7
498,slitherlink-level-4,31
498,slitherlink-level-10,96
498,slitherlink-level-3,8
498,takoyaki-level,106
498,wordplay-cryptic-level,141
498,devilry-cryptic-level,70
498,slitherlink-level-8,47
498,bumblebee-level-0,35
498,slitherlink-level-2,46
498,choco-banana-level,39
498,bumblebee-level-1,15
498,norinori-level,31
498,ham-sandwich-level,92
498,lollipops-level,13
498,coffee-milk-level,158
498,milk-tea-level,42
498,slitherlink-level-11,7
498,slitherlink-level-12,52
498,roma-level,43
498,Doubles Games,539
498,hybrid-cryptic-level,71
498,bumblebee-level-3,20
498,bumblebee-level-5,30
498,bumblebee-level-2,19
498,bumblebee-level-6,7
498,bumblebee-level-4,43
498,bumblebee-level-7,47
498,bumblebee-level-9,13
498,bumblebee-level-8,25
498,fire-level,14
498,fly-level,18
498,firefly-level,223
498,tomato-soup-level,7
500,Crossword,822
500,Trivia,621
500,Mystery,528
500,Aromatic Stock,376
500,Worthwhile Suit,301
500,The Tortured Programmers Department,314
500,slitherlink-level-1,92
500,Doubles Games,671
500,slitherlink-level-5,43
500,slitherlink-level-4,18
500,slitherlink-level-9,6
500,slitherlink-level-8,46
500,slitherlink-level-3,23
500,choco-banana-level,131
500,slitherlink-level-10,87
500,slitherlink-level-7,87
500,slitherlink-level-11,6
500,slitherlink-level-12,46
500,slitherlink-level-6,89
500,hybrid-cryptic-level,103
500,slitherlink-level-2,57
500,devilry-cryptic-level,96
500,ham-sandwich-level,96
500,norinori-level,73
500,roma-level,39
500,coffee-milk-level,42
500,fly-level,31
500,fire-level,10
500,lollipops-level,8
500,milk-tea-level,46
500,wordplay-cryptic-level,59
500,bumblebee-level-3,4
500,firefly-level,1
500,takoyaki-level,159
501,Crossword,589
501,Trivia,368
501,Mystery,582
501,Aromatic Stock,665
501,Worthwhile Suit,411
501,The Tortured Programmers Department,237
501,slitherlink-level-1,148
501,slitherlink-level-5,69
501,slitherlink-level-6,77
501,ham-sandwich-level,128
501,slitherlink-level-7,81
501,slitherlink-level-3,10
501,choco-banana-level,43
501,slitherlink-level-9,7
501,coffee-milk-level,45
501,slitherlink-level-4,17
501,takoyaki-level,80
501,slitherlink-level-8,49
501,milk-tea-level,35
501,norinori-level,29
501,lollipops-level,10
501,bumblebee-level-1,114
501,roma-level,41
501,slitherlink-level-10,84
501,slitherlink-level-11,6
501,slitherlink-level-12,59
501,Doubles Games,283
501,devilry-cryptic-level,25
501,slitherlink-level-2,51
501,bumblebee-level-0,19
501,fire-level,14
501,fly-level,15
501,firefly-level,854
501,bumblebee-level-2,25
501,bumblebee-level-3,10
501,bumblebee-level-6,7
501,bumblebee-level-8,23
501,bumblebee-level-4,161
501,bumblebee-level-7,54
501,bumblebee-level-5,22
501,bumblebee-level-9,26
501,hybrid-cryptic-level,95
501,tomato-soup-level,7
501,wordplay-cryptic-level,78
529,Crossword,625
529,Aromatic Stock,288
529,Trivia,401
529,Mystery,551
529,Worthwhile Suit,296
529,The Tortured Programmers Department,81
529,slitherlink-level-1,182
529,slitherlink-level-5,32
529,Doubles Games,1804
529,slitherlink-level-7,95
529,slitherlink-level-3,24
529,slitherlink-level-9,6
529,slitherlink-level-6,75
529,slitherlink-level-4,88
529,takoyaki-level,69
529,slitherlink-level-10,105
529,slitherlink-level-8,46
529,slitherlink-level-2,44
529,slitherlink-level-11,8
529,choco-banana-level,39
529,devilry-cryptic-level,117
529,slitherlink-level-12,46
529,hybrid-cryptic-level,91
529,wordplay-cryptic-level,88
529,coffee-milk-level,44
529,ham-sandwich-level,66
529,norinori-level,38
529,milk-tea-level,35
529,bumblebee-level-3,18
529,lollipops-level,10
529,roma-level,38
529,bumblebee-level-1,10
529,bumblebee-level-0,16
529,bumblebee-level-2,124
529,bumblebee-level-5,18
529,bumblebee-level-6,16
529,bumblebee-level-8,13
529,bumblebee-level-4,46
529,bumblebee-level-9,9
529,bumblebee-level-7,37
529,fire-level,9
529,fly-level,14
529,firefly-level,291
529,tomato-soup-level,7
595,Crossword,816
595,Mystery,550
595,Aromatic Stock,198
595,Trivia,382
595,Worthwhile Suit,587
595,The Tortured Programmers Department,307
595,slitherlink-level-1,108
595,slitherlink-level-5,54
595,slitherlink-level-4,24
595,slitherlink-level-3,23
595,slitherlink-level-6,118
595,slitherlink-level-7,84
595,slitherlink-level-9,9
595,slitherlink-level-10,86
595,slitherlink-level-2,47
595,slitherlink-level-8,46
595,slitherlink-level-11,6
595,slitherlink-level-12,46
595,choco-banana-level,134
595,hybrid-cryptic-level,66
595,bumblebee-level-1,67
595,Doubles Games,713
595,ham-sandwich-level,72
595,norinori-level,63
595,coffee-milk-level,61
595,takoyaki-level,84
595,wordplay-cryptic-level,199
595,lollipops-level,22
595,milk-tea-level,38
595,devilry-cryptic-level,155
595,roma-level,48
595,bumblebee-level-2,16
595,bumblebee-level-3,17
595,bumblebee-level-0,12
595,bumblebee-level-6,11
595,bumblebee-level-5,22
595,bumblebee-level-7,48
595,bumblebee-level-8,5
595,bumblebee-level-4,43
595,bumblebee-level-9,16
595,fire-level,29
595,fly-level,14
595,firefly-level,42
596,Crossword,722
596,Mystery,523
596,Aromatic Stock,361
596,Trivia,521
596,Worthwhile Suit,208
596,The Tortured Programmers Department,196
596,Doubles Games,448
596,slitherlink-level-5,26
596,slitherlink-level-1,87
596,slitherlink-level-7,77
596,slitherlink-level-9,6
596,slitherlink-level-4,16
596,slitherlink-level-6,80
596,slitherlink-level-3,13
596,bumblebee-level-0,22
596,slitherlink-level-8,47
596,slitherlink-level-12,46
596,slitherlink-level-11,6
596,choco-banana-level,3
596,wordplay-cryptic-level,24
596,bumblebee-level-1,9
596,norinori-level,34
596,bumblebee-level-2,16
596,bumblebee-level-3,15
596,bumblebee-level-6,10
596,bumblebee-level-4,56
596,bumblebee-level-8,12
596,roma-level,36
596,hybrid-cryptic-level,5
596,slitherlink-level-2,44
596,slitherlink-level-10,89
596,milk-tea-level,39
596,bumblebee-level-5,49
596,lollipops-level,27
596,coffee-milk-level,5
596,takoyaki-level,59
596,ham-sandwich-level,65
596,bumblebee-level-9,13
596,bumblebee-level-7,13
596,devilry-cryptic-level,5
663,Crossword,633
663,Mystery,586
663,Trivia,381
663,Aromatic Stock,321
663,The Tortured Programmers Department,171
663,Worthwhile Suit,706
663,slitherlink-level-1,118
663,slitherlink-level-5,43
663,slitherlink-level-7,92
663,slitherlink-level-6,78
663,slitherlink-level-9,6
663,slitherlink-level-4,18
663,slitherlink-level-8,56
663,slitherlink-level-3,9
663,slitherlink-level-10,86
663,slitherlink-level-2,57
663,choco-banana-level,75
663,norinori-level,47
663,ham-sandwich-level,103
663,coffee-milk-level,42
663,lollipops-level,25
663,devilry-cryptic-level,65
663,bumblebee-level-0,39
663,milk-tea-level,35
663,roma-level,37
663,bumblebee-level-1,27
663,wordplay-cryptic-level,106
663,slitherlink-level-11,6
663,slitherlink-level-12,46
663,takoyaki-level,62
663,Doubles Games,42
663,bumblebee-level-2,74
663,fire-level,9
663,bumblebee-level-3,13
663,fly-level,14
663,firefly-level,255
663,bumblebee-level-5,24
663,bumblebee-level-4,96
663,bumblebee-level-6,12
663,bumblebee-level-8,27
663,bumblebee-level-9,27
663,bumblebee-level-7,88
663,hybrid-cryptic-level,69
663,tomato-soup-level,7
727,Crossword,644
727,Mystery,568
727,Aromatic Stock,335
727,Trivia,352
727,Worthwhile Suit,410
727,The Tortured Programmers Department,698
727,Doubles Games,1030
727,slitherlink-level-1,85
727,slitherlink-level-3,9
727,slitherlink-level-4,16
727,slitherlink-level-9,6
727,takoyaki-level,70
727,slitherlink-level-5,29
727,bumblebee-level-0,27
727,slitherlink-level-7,89
727,choco-banana-level,40
727,norinori-level,40
727,lollipops-level,14
727,coffee-milk-level,59
727,slitherlink-level-10,98
727,milk-tea-level,36
727,roma-level,37
727,slitherlink-level-11,6
727,hybrid-cryptic-level,79
727,slitherlink-level-12,46
727,slitherlink-level-6,139
727,devilry-cryptic-level,73
727,ham-sandwich-level,68
727,slitherlink-level-2,49
727,slitherlink-level-8,47
727,bumblebee-level-1,11
727,bumblebee-level-2,13
727,bumblebee-level-3,20
727,bumblebee-level-6,62
727,fire-level,9
727,fly-level,14
727,firefly-level,174
727,wordplay-cryptic-level,113
727,bumblebee-level-5,78
727,bumblebee-level-4,34
727,bumblebee-level-8,62
793,Crossword,1245
793,Trivia,661
793,Mystery,372
793,Aromatic Stock,219
793,Worthwhile Suit,23
793,slitherlink-level-1,261
793,The Tortured Programmers Department,2
793,slitherlink-level-5,27
793,slitherlink-level-4,36
793,slitherlink-level-9,6
793,slitherlink-level-3,8
793,slitherlink-level-7,83
793,slitherlink-level-8,52
793,choco-banana-level,6
793,slitherlink-level-10,129
793,slitherlink-level-6,2
793,slitherlink-level-11,6
795,Crossword,778
795,Mystery,595
795,Aromatic Stock,312
795,Trivia,415
795,slitherlink-level-1,87
795,slitherlink-level-9,27
795,slitherlink-level-5,45
795,slitherlink-level-4,45
795,slitherlink-level-3,9
795,The Tortured Programmers Department,128
795,Worthwhile Suit,23
795,slitherlink-level-8,47
795,choco-banana-level,152
795,slitherlink-level-10,87
795,slitherlink-level-7,78
795,slitherlink-level-11,6
795,slitherlink-level-12,48
795,slitherlink-level-6,73
795,hybrid-cryptic-level,77
795,devilry-cryptic-level,104
795,takoyaki-level,8
795,slitherlink-level-2,51
795,wordplay-cryptic-level,62
795,bumblebee-level-1,1
8,Crossword,776
8,Mystery,337
8,Trivia,415
8,Aromatic Stock,312
8,Worthwhile Suit,495
8,slitherlink-level-1,188
8,The Tortured Programmers Department,190
8,slitherlink-level-5,31
8,takoyaki-level,94
8,slitherlink-level-8,46
8,slitherlink-level-7,77
8,slitherlink-level-4,40
8,slitherlink-level-2,88
8,slitherlink-level-6,78
8,slitherlink-level-3,8
8,slitherlink-level-9,7
8,choco-banana-level,37
8,slitherlink-level-10,87
8,slitherlink-level-11,6
8,slitherlink-level-12,47
8,norinori-level,98
8,lollipops-level,13
8,ham-sandwich-level,75
8,hybrid-cryptic-level,91
8,milk-tea-level,39
8,coffee-milk-level,48
8,devilry-cryptic-level,91
8,roma-level,46
8,Doubles Games,246
8,wordplay-cryptic-level,65
8,bumblebee-level-1,13
8,bumblebee-level-2,35
8,bumblebee-level-0,23
8,bumblebee-level-3,11
8,bumblebee-level-6,20
8,bumblebee-level-5,24
8,bumblebee-level-4,81
8,bumblebee-level-7,102
8,bumblebee-level-9,23
8,bumblebee-level-8,1
8,fire-level,18
8,fly-level,17
8,firefly-level,140
801,Crossword,550
801,Trivia,423
801,Mystery,564
801,Aromatic Stock,389
801,The Tortured Programmers Department,234
801,Worthwhile Suit,236
801,ham-sandwich-level,70
801,takoyaki-level,117
801,slitherlink-level-8,60
801,slitherlink-level-1,113
801,slitherlink-level-9,6
801,slitherlink-level-10,118
801,slitherlink-level-3,22
801,slitherlink-level-4,22
801,slitherlink-level-5,30
801,choco-banana-level,35
801,slitherlink-level-6,75
801,slitherlink-level-2,78
801,norinori-level,83
801,coffee-milk-level,44
801,Doubles Games,358
801,milk-tea-level,35
801,slitherlink-level-11,7
801,slitherlink-level-12,56
801,slitherlink-level-7,78
801,lollipops-level,23
801,roma-level,41
801,hybrid-cryptic-level,69
801,devilry-cryptic-level,60
801,wordplay-cryptic-level,72
801,bumblebee-level-3,40
801,bumblebee-level-2,21
801,fly-level,14
801,fire-level,11
801,firefly-level,184
801,tomato-soup-level,7
801,bumblebee-level-0,16
801,bumblebee-level-5,20
801,bumblebee-level-1,12
801,bumblebee-level-6,7
801,bumblebee-level-9,15
801,bumblebee-level-4,22
801,bumblebee-level-8,28
801,bumblebee-level-7,46
807,Crossword,771
807,Aromatic Stock,707
807,Trivia,372
807,Mystery,574
807,Worthwhile Suit,475
807,slitherlink-level-5,27
807,slitherlink-level-1,86
807,slitherlink-level-9,6
807,slitherlink-level-4,18
807,slitherlink-level-7,79
807,slitherlink-level-3,8
807,slitherlink-level-2,43
807,slitherlink-level-6,71
807,slitherlink-level-8,46
807,choco-banana-level,36
807,norinori-level,29
807,lollipops-level,11
807,milk-tea-level,35
807,coffee-milk-level,39
807,ham-sandwich-level,63
807,Doubles Games,612
807,roma-level,43
807,The Tortured Programmers Department,410
807,takoyaki-level,59
807,slitherlink-level-10,84
807,devilry-cryptic-level,166
807,slitherlink-level-11,6
807,slitherlink-level-12,46
807,wordplay-cryptic-level,119
807,bumblebee-level-1,12
807,hybrid-cryptic-level,92
807,bumblebee-level-3,32
807,bumblebee-level-5,57
807,bumblebee-level-0,18
807,bumblebee-level-2,50
807,fire-level,9
807,fly-level,18
807,firefly-level,768
807,bumblebee-level-6,5
807,bumblebee-level-4,5
807,bumblebee-level-8,24
807,bumblebee-level-7,73
807,bumblebee-level-9,4
807,tomato-soup-level,11
811,Crossword,697
811,Mystery,571
811,Aromatic Stock,754
811,Trivia,486
811,slitherlink-level-1,125
811,Worthwhile Suit,499
811,slitherlink-level-5,64
811,slitherlink-level-7,93
811,slitherlink-level-6,153
811,slitherlink-level-9,6
811,slitherlink-level-3,8
811,slitherlink-level-4,16
811,slitherlink-level-8,46
811,choco-banana-level,36
811,norinori-level,28
811,slitherlink-level-10,84
811,slitherlink-level-11,6
811,ham-sandwich-level,68
811,slitherlink-level-12,47
811,The Tortured Programmers Department,260
811,hybrid-cryptic-level,75
811,lollipops-level,22
811,Doubles Games,1614
811,coffee-milk-level,46
811,slitherlink-level-2,43
811,wordplay-cryptic-level,84
811,bumblebee-level-3,21
811,milk-tea-level,45
811,bumblebee-level-1,25
811,roma-level,36
811,devilry-cryptic-level,107
811,takoyaki-level,118
811,bumblebee-level-0,51
811,bumblebee-level-2,75
811,fire-level,11
811,fly-level,15
811,firefly-level,171
811,bumblebee-level-5,24
811,bumblebee-level-4,121
811,bumblebee-level-6,14
811,tomato-soup-level,7
811,bumblebee-level-8,28
811,bumblebee-level-7,130
811,bumblebee-level-9,20
827,Crossword,254
9,Crossword,613
9,Mystery,568
9,Aromatic Stock,176
9,Trivia,361
9,Worthwhile Suit,444
9,The Tortured Programmers Department,75
9,Doubles Games,260
9,slitherlink-level-1,100
9,takoyaki-level,96
9,slitherlink-level-5,26
9,slitherlink-level-7,84
9,slitherlink-level-6,119
9,choco-banana-level,39
9,slitherlink-level-3,8
9,slitherlink-level-4,18
9,norinori-level,30
9,lollipops-level,10
9,slitherlink-level-9,6
9,roma-level,37
9,milk-tea-level,35
9,slitherlink-level-8,46
9,coffee-milk-level,39
9,ham-sandwich-level,127
9,slitherlink-level-10,88
9,slitherlink-level-11,6
9,hybrid-cryptic-level,100
9,slitherlink-level-12,46
9,slitherlink-level-2,43
9,devilry-cryptic-level,51
9,wordplay-cryptic-level,90
9,fire-level,17
9,fly-level,17
9,firefly-level,224
9,tomato-soup-level,7
9,bumblebee-level-1,25
9,bumblebee-level-2,13
9,bumblebee-level-0,14
9,bumblebee-level-3,13
9,bumblebee-level-5,11
9,bumblebee-level-6,10
9,bumblebee-level-8,22
9,bumblebee-level-7,1
925,Crossword,280
927,Crossword,749
927,Mystery,693
927,Aromatic Stock,313
927,Trivia,536
927,Worthwhile Suit,440
927,The Tortured Programmers Department,9
927,Doubles Games,33
927,slitherlink-level-1,98
927,slitherlink-level-5,26
927,slitherlink-level-7,91
927,slitherlink-level-6,72
927,slitherlink-level-9,7
927,bumblebee-level-0,1
927,slitherlink-level-10,92
927,slitherlink-level-3,10
927,slitherlink-level-4,17
927,takoyaki-level,3
927,slitherlink-level-11,6
927,slitherlink-level-8,54
927,slitherlink-level-12,49
927,slitherlink-level-2,45
927,choco-banana-level,160
927,ham-sandwich-level,73
927,coffee-milk-level,42
927,milk-tea-level,35
927,lollipops-level,44
927,norinori-level,244
929,Crossword,923
929,Trivia,422
929,Mystery,439
929,Aromatic Stock,568
929,Worthwhile Suit,397
929,slitherlink-level-1,111
929,slitherlink-level-5,57
929,The Tortured Programmers Department,50
929,Doubles Games,777
929,slitherlink-level-7,80
929,slitherlink-level-6,89
929,slitherlink-level-10,87
929,slitherlink-level-3,10
929,slitherlink-level-9,6
929,slitherlink-level-8,47
929,slitherlink-level-4,17
929,choco-banana-level,45
929,norinori-level,29
929,slitherlink-level-11,6
929,slitherlink-level-12,48
929,wordplay-cryptic-level,14
929,hybrid-cryptic-level,55
929,lollipops-level,79
929,ham-sandwich-level,148
929,devilry-cryptic-level,20
929,roma-level,46
929,milk-tea-level,36
929,coffee-milk-level,42
929,slitherlink-level-2,46
929,bumblebee-level-1,1
929,takoyaki-level,98
929,bumblebee-level-0,1
929,fire-level,21
929,fly-level,14
935,Crossword,766
935,Mystery,452
935,Trivia,490
935,Aromatic Stock,940
935,Worthwhile Suit,538
935,The Tortured Programmers Department,233
935,slitherlink-level-1,91
935,slitherlink-level-5,36
935,slitherlink-level-7,83
935,slitherlink-level-3,8
935,slitherlink-level-4,16
935,slitherlink-level-9,8
935,slitherlink-level-10,99
935,slitherlink-level-6,73
935,slitherlink-level-8,46
935,choco-banana-level,42
935,devilry-cryptic-level,90
935,slitherlink-level-11,6
935,hybrid-cryptic-level,69
935,slitherlink-level-12,46
935,slitherlink-level-2,48
935,takoyaki-level,172
935,bumblebee-level-3,11
935,norinori-level,29
935,lollipops-level,10
935,wordplay-cryptic-level,86
935,milk-tea-level,35
935,coffee-milk-level,41
935,ham-sandwich-level,111
935,roma-level,36
935,Doubles Games,580
935,bumblebee-level-1,16
935,bumblebee-level-0,22
935,bumblebee-level-6,5
935,bumblebee-level-2,27
935,bumblebee-level-5,19
935,bumblebee-level-4,39
935,bumblebee-level-9,17
935,bumblebee-level-8,18
935,fire-level,9
935,fly-level,16
935,firefly-level,176
935,tomato-soup-level,7
936,Crossword,878
936,Trivia,835
936,Mystery,831
936,Aromatic Stock,521
936,Worthwhile Suit,678
936,The Tortured Programmers Department,400
936,Doubles Games,9
937,Crossword,646
937,Trivia,470
937,Mystery,567
937,Aromatic Stock,353
937,The Tortured Programmers Department,152
937,slitherlink-level-1,92
937,slitherlink-level-5,27
937,Worthwhile Suit,11
937,slitherlink-level-7,83
937,slitherlink-level-3,8
937,slitherlink-level-4,18
937,slitherlink-level-9,6
937,slitherlink-level-6,90
937,slitherlink-level-8,47
937,choco-banana-level,176
937,slitherlink-level-10,106
937,slitherlink-level-11,6
937,devilry-cryptic-level,12
937,slitherlink-level-12,48
937,slitherlink-level-2,45
937,takoyaki-level,77
937,wordplay-cryptic-level,10
937,hybrid-cryptic-level,9
937,ham-sandwich-level,69
937,norinori-level,30
937,milk-tea-level,39
937,Doubles Games,463
937,roma-level,4
939,Crossword,931
939,Mystery,421
939,Aromatic Stock,424
939,Trivia,453
939,slitherlink-level-1,99
939,slitherlink-level-5,37
939,slitherlink-level-3,9
939,slitherlink-level-4,19
939,slitherlink-level-6,72
939,slitherlink-level-9,7
939,slitherlink-level-2,49
939,slitherlink-level-8,47
939,slitherlink-level-7,77
939,Worthwhile Suit,310
939,slitherlink-level-10,87
939,wordplay-cryptic-level,14
939,slitherlink-level-11,6
939,slitherlink-level-12,51
939,choco-banana-level,116
939,takoyaki-level,83
939,lollipops-level,71
939,ham-sandwich-level,65
939,norinori-level,162
939,The Tortured Programmers Department,1
939,coffee-milk-level,43
939,hybrid-cryptic-level,38
939,devilry-cryptic-level,9
939,milk-tea-level,35
939,roma-level,40
939,Doubles Games,247
939,bumblebee-level-3,16
939,bumblebee-level-1,22
939,bumblebee-level-2,11
939,bumblebee-level-0,84
939,bumblebee-level-6,103
939,bumblebee-level-4,15
939,bumblebee-level-5,20
939,bumblebee-level-8,18
939,bumblebee-level-9,4
939,bumblebee-level-7,66
942,Crossword,779
942,Mystery,552
942,Trivia,543
942,Aromatic Stock,519
942,Worthwhile Suit,474
942,The Tortured Programmers Department,185
942,Doubles Games,2338
942,slitherlink-level-1,136
942,slitherlink-level-4,88
942,slitherlink-level-6,130
942,slitherlink-level-10,84
942,slitherlink-level-3,25
942,slitherlink-level-9,9
942,slitherlink-level-2,299
942,slitherlink-level-5,25
942,slitherlink-level-8,55
942,slitherlink-level-7,105
942,fire-level,15
942,fly-level,19
942,choco-banana-level,255
942,firefly-level,501
942,slitherlink-level-11,6
942,bumblebee-level-0,21
942,slitherlink-level-12,48
942,devilry-cryptic-level,233
942,takoyaki-level,186
942,bumblebee-level-3,72
942,hybrid-cryptic-level,89
942,tomato-soup-level,8
942,norinori-level,63
942,coffee-milk-level,320
942,ham-sandwich-level,106
942,bumblebee-level-1,39
942,lollipops-level,27
942,milk-tea-level,44
942,roma-level,48
942,wordplay-cryptic-level,80
942,bumblebee-level-5,31
942,bumblebee-level-4,123
942,bumblebee-level-2,70
942,bumblebee-level-6,9
942,bumblebee-level-8,44
942,bumblebee-level-7,64
942,bumblebee-level-9,6
945,Crossword,539
945,Trivia,359
945,Mystery,382
945,Aromatic Stock,217
945,Worthwhile Suit,479
945,The Tortured Programmers Department,59
945,Doubles Games,262
945,fire-level,10
945,fly-level,14
945,slitherlink-level-1,98
945,slitherlink-level-5,26
945,slitherlink-level-7,85
945,slitherlink-level-6,72
945,slitherlink-level-3,9
945,slitherlink-level-4,35
945,slitherlink-level-9,8
945,slitherlink-level-8,57
945,slitherlink-level-2,43
945,takoyaki-level,92
945,choco-banana-level,34
945,lollipops-level,10
945,norinori-level,44
945,ham-sandwich-level,115
945,slitherlink-level-10,86
945,slitherlink-level-11,6
945,slitherlink-level-12,46
945,roma-level,40
945,coffee-milk-level,42
945,hybrid-cryptic-level,29
945,milk-tea-level,36
945,wordplay-cryptic-level,57
946,Crossword,705
946,Trivia,510
946,Aromatic Stock,383
946,Worthwhile Suit,239
946,The Tortured Programmers Department,1
946,Mystery,328
956,Crossword,683
956,Mystery,459
956,Aromatic Stock,226
956,Trivia,524
956,Worthwhile Suit,655
956,slitherlink-level-1,104
956,The Tortured Programmers Department,418
956,slitherlink-level-5,63
956,slitherlink-level-9,6
956,slitherlink-level-3,8
956,slitherlink-level-4,16
956,slitherlink-level-8,46
956,Doubles Games,1724
956,choco-banana-level,311
956,takoyaki-level,262
956,slitherlink-level-6,77
956,slitherlink-level-7,79
956,slitherlink-level-10,86
956,slitherlink-level-11,6
956,slitherlink-level-12,50
956,slitherlink-level-2,43
956,devilry-cryptic-level,98
956,hybrid-cryptic-level,82
956,norinori-level,30
956,ham-sandwich-level,81
956,lollipops-level,17
956,coffee-milk-level,176
956,roma-level,37
956,milk-tea-level,62
956,bumblebee-level-3,71
956,wordplay-cryptic-level,133
956,bumblebee-level-1,25
956,bumblebee-level-2,182
956,bumblebee-level-0,157
956,fire-level,9
956,fly-level,15
956,firefly-level,235
956,tomato-soup-level,8
956,bumblebee-level-5,11
956,bumblebee-level-4,2